{"cameraMode":{"drawMode":0,"name":"Shaded","section":"Shading Mode"},"sceneLighting":false,"audioPlay":false,"sceneViewState":{"showFog":true,"showMaterialUpdate":false,"showSkybox":true,"showFlares":true,"showImageEffects":true,"showParticleSystems":true},"in2DMode":false,"pivot":{"x":0.9800000190734863,"y":0.1899999976158142,"z":0.0},"rotation":{"x":0.002871518721804023,"y":0.9894922971725464,"z":-0.1431877613067627,"w":0.019847450777888299},"size":8.947336196899414,"orthographic":true}