{"cameraMode":{"drawMode":0,"name":"Shaded","section":"Shading Mode"},"sceneLighting":false,"audioPlay":false,"sceneViewState":{"showFog":true,"showMaterialUpdate":false,"showSkybox":true,"showFlares":true,"showImageEffects":true,"showParticleSystems":true},"in2DMode":false,"pivot":{"x":-0.00016823410987854004,"y":0.28408774733543398,"z":0.07051002979278565},"rotation":{"x":-0.01565101370215416,"y":0.9777916669845581,"z":-0.19344006478786469,"w":-0.07911679148674011},"size":2.478653907775879,"orthographic":true}