{"cameraMode":{"drawMode":0,"name":"Shaded","section":"Shading Mode"},"sceneLighting":false,"audioPlay":false,"sceneViewState":{"showFog":true,"showMaterialUpdate":false,"showSkybox":true,"showFlares":true,"showImageEffects":true,"showParticleSystems":true},"in2DMode":false,"pivot":{"x":-70.2896499633789,"y":-8.772331237792969,"z":37.14441680908203},"rotation":{"x":-0.00366420391947031,"y":0.9244099259376526,"z":-0.008883596397936345,"w":-0.3812793791294098},"size":131.4654083251953,"orthographic":false}