{"cameraMode":{"drawMode":0,"name":"Shaded","section":"Shading Mode"},"sceneLighting":false,"audioPlay":false,"sceneViewState":{"showFog":true,"showMaterialUpdate":false,"showSkybox":true,"showFlares":true,"showImageEffects":true,"showParticleSystems":true},"in2DMode":false,"pivot":{"x":-1.4901161193847657e-8,"y":3.725290298461914e-9,"z":-0.0003709942102432251},"rotation":{"x":-0.037787001579999927,"y":0.7895606756210327,"z":-0.04886690899729729,"w":-0.6105556488037109},"size":0.30862993001937868,"orthographic":true}