{"cameraMode":{"drawMode":0,"name":"Shaded","section":"Shading Mode"},"sceneLighting":false,"audioPlay":false,"sceneViewState":{"showFog":true,"showMaterialUpdate":false,"showSkybox":true,"showFlares":true,"showImageEffects":true,"showParticleSystems":true},"in2DMode":false,"pivot":{"x":-7.450580596923828e-8,"y":1.4901161193847657e-8,"z":-0.0018549859523773194},"rotation":{"x":0.004437880124896765,"y":0.9388447999954224,"z":-0.34409934282302859,"w":0.012105283327400685},"size":6.39803409576416,"orthographic":false}